[{"source":1,"target":1861},{"source":2,"target":2068},{"source":3,"target":672},{"source":4,"target":1205},{"source":5,"target":2069},{"source":6,"target":2070},{"source":7,"target":2071},{"source":8,"target":1667},{"source":9,"target":2072},{"source":10,"target":375},{"source":11,"target":1885},{"source":12,"target":2073},{"source":13,"target":1987},{"source":14,"target":2074},{"source":15,"target":1786},{"source":16,"target":2075},{"source":17,"target":2076},{"source":18,"target":2077},{"source":19,"target":1703},{"source":20,"target":1741},{"source":21,"target":702},{"source":22,"target":2078},{"source":23,"target":893},{"source":24,"target":1397},{"source":25,"target":1240},{"source":26,"target":1347},{"source":27,"target":1104},{"source":28,"target":2079},{"source":29,"target":2080},{"source":30,"target":2081},{"source":31,"target":687},{"source":32,"target":1322},{"source":33,"target":104},{"source":34,"target":1843},{"source":35,"target":2082},{"source":36,"target":2083},{"source":37,"target":544},{"source":38,"target":1725},{"source":39,"target":2084},{"source":40,"target":2085},{"source":41,"target":948},{"source":42,"target":733},{"source":43,"target":427},{"source":44,"target":536},{"source":45,"target":2086},{"source":46,"target":2087},{"source":47,"target":112},{"source":48,"target":2088},{"source":49,"target":23},{"source":50,"target":1683},{"source":51,"target":1074},{"source":52,"target":1061},{"source":53,"target":2089},{"source":54,"target":161},{"source":55,"target":1404},{"source":56,"target":1987},{"source":57,"target":23},{"source":58,"target":2090},{"source":59,"target":2091},{"source":60,"target":490},{"source":61,"target":2092},{"source":62,"target":829},{"source":63,"target":96},{"source":64,"target":298},{"source":65,"target":2093},{"source":66,"target":2094},{"source":67,"target":1767},{"source":68,"target":1690},{"source":69,"target":1306},{"source":70,"target":2095},{"source":71,"target":1596},{"source":72,"target":2096},{"source":73,"target":1608},{"source":74,"target":413},{"source":75,"target":2097},{"source":76,"target":1168},{"source":77,"target":2098},{"source":78,"target":1203},{"source":79,"target":2099},{"source":80,"target":1193},{"source":81,"target":2100},{"source":82,"target":1166},{"source":83,"target":1923},{"source":84,"target":1310},{"source":85,"target":2101},{"source":86,"target":180},{"source":87,"target":2102},{"source":88,"target":571},{"source":89,"target":1719},{"source":90,"target":995},{"source":91,"target":180},{"source":92,"target":2103},{"source":93,"target":1576},{"source":94,"target":1373},{"source":95,"target":2104},{"source":96,"target":1198},{"source":97,"target":2105},{"source":98,"target":1499},{"source":99,"target":1397},{"source":100,"target":575},{"source":101,"target":910},{"source":102,"target":1322},{"source":103,"target":1374},{"source":104,"target":2106},{"source":105,"target":159},{"source":106,"target":1694},{"source":107,"target":2107},{"source":108,"target":1913},{"source":109,"target":2108},{"source":110,"target":2109},{"source":111,"target":2110},{"source":112,"target":1313},{"source":113,"target":1719},{"source":114,"target":1494},{"source":115,"target":937},{"source":116,"target":99},{"source":117,"target":2111},{"source":118,"target":2112},{"source":119,"target":452},{"source":120,"target":2113},{"source":121,"target":1531},{"source":122,"target":2114},{"source":123,"target":2115},{"source":124,"target":2116},{"source":125,"target":2117},{"source":126,"target":1984},{"source":127,"target":2118},{"source":128,"target":1554},{"source":129,"target":2119},{"source":130,"target":2120},{"source":131,"target":1660},{"source":132,"target":858},{"source":133,"target":243},{"source":134,"target":1134},{"source":135,"target":987},{"source":136,"target":2121},{"source":137,"target":2122},{"source":138,"target":1109},{"source":139,"target":2123},{"source":140,"target":2056},{"source":141,"target":425},{"source":142,"target":1608},{"source":143,"target":2124},{"source":144,"target":2125},{"source":145,"target":1221},{"source":146,"target":995},{"source":147,"target":316},{"source":148,"target":1821},{"source":149,"target":724},{"source":150,"target":86},{"source":151,"target":2126},{"source":152,"target":236},{"source":153,"target":1101},{"source":154,"target":1477},{"source":155,"target":23},{"source":156,"target":294},{"source":157,"target":2127},{"source":158,"target":1374},{"source":159,"target":1328},{"source":160,"target":2128},{"source":161,"target":626},{"source":162,"target":2129},{"source":163,"target":2130},{"source":164,"target":1946},{"source":165,"target":2131},{"source":166,"target":691},{"source":167,"target":2},{"source":168,"target":1354},{"source":169,"target":537},{"source":170,"target":1390},{"source":171,"target":1979},{"source":172,"target":1035},{"source":173,"target":2132},{"source":174,"target":275},{"source":175,"target":2133},{"source":176,"target":1011},{"source":177,"target":2134},{"source":178,"target":2135},{"source":179,"target":2136},{"source":180,"target":359},{"source":181,"target":1729},{"source":182,"target":2101},{"source":183,"target":1606},{"source":184,"target":1891},{"source":185,"target":524},{"source":186,"target":2137},{"source":187,"target":180},{"source":188,"target":1843},{"source":189,"target":1413},{"source":190,"target":2089},{"source":191,"target":560},{"source":192,"target":46},{"source":193,"target":819},{"source":194,"target":170},{"source":195,"target":2138},{"source":196,"target":177},{"source":197,"target":2139},{"source":198,"target":1755},{"source":199,"target":571},{"source":200,"target":439},{"source":201,"target":1101},{"source":202,"target":2140},{"source":203,"target":1130},{"source":204,"target":214},{"source":205,"target":761},{"source":206,"target":2141},{"source":207,"target":533},{"source":208,"target":2142},{"source":209,"target":2020},{"source":210,"target":761},{"source":211,"target":881},{"source":212,"target":1690},{"source":213,"target":26},{"source":214,"target":1271},{"source":215,"target":1820},{"source":216,"target":2143},{"source":217,"target":1815},{"source":218,"target":355},{"source":219,"target":880},{"source":220,"target":2144},{"source":221,"target":1433},{"source":222,"target":1719},{"source":223,"target":2145},{"source":224,"target":2146},{"source":225,"target":1493},{"source":226,"target":1554},{"source":227,"target":1292},{"source":228,"target":2147},{"source":229,"target":324},{"source":230,"target":2148},{"source":231,"target":112},{"source":232,"target":1010},{"source":233,"target":2149},{"source":234,"target":2103},{"source":235,"target":1815},{"source":236,"target":995},{"source":237,"target":1053},{"source":238,"target":527},{"source":239,"target":2150},{"source":240,"target":1559},{"source":241,"target":2151},{"source":242,"target":2152},{"source":243,"target":1347},{"source":244,"target":1987},{"source":245,"target":1295},{"source":246,"target":1813},{"source":247,"target":1432},{"source":248,"target":2153},{"source":249,"target":2154},{"source":250,"target":1935},{"source":251,"target":2155},{"source":252,"target":2156},{"source":253,"target":2063},{"source":254,"target":396},{"source":255,"target":2157},{"source":256,"target":571},{"source":257,"target":486},{"source":258,"target":1830},{"source":259,"target":1935},{"source":260,"target":428},{"source":261,"target":1403},{"source":262,"target":1500},{"source":263,"target":2158},{"source":264,"target":2159},{"source":265,"target":1577},{"source":266,"target":2160},{"source":267,"target":2104},{"source":268,"target":131},{"source":269,"target":733},{"source":270,"target":1285},{"source":271,"target":2161},{"source":272,"target":2008},{"source":273,"target":522},{"source":274,"target":1060},{"source":275,"target":97},{"source":276,"target":1727},{"source":277,"target":1287},{"source":278,"target":2162},{"source":279,"target":874},{"source":280,"target":2163},{"source":281,"target":2164},{"source":282,"target":2165},{"source":283,"target":2166},{"source":284,"target":592},{"source":285,"target":1786},{"source":286,"target":526},{"source":287,"target":750},{"source":288,"target":1719},{"source":289,"target":144},{"source":290,"target":69},{"source":291,"target":2167},{"source":292,"target":875},{"source":293,"target":2168},{"source":294,"target":536},{"source":295,"target":64},{"source":296,"target":599},{"source":297,"target":2169},{"source":298,"target":527},{"source":299,"target":2170},{"source":300,"target":1494},{"source":301,"target":2171},{"source":302,"target":413},{"source":303,"target":2172},{"source":304,"target":2173},{"source":305,"target":135},{"source":306,"target":302},{"source":307,"target":2174},{"source":308,"target":2143},{"source":309,"target":929},{"source":310,"target":1370},{"source":311,"target":2175},{"source":312,"target":1334},{"source":313,"target":511},{"source":314,"target":1674},{"source":315,"target":201},{"source":316,"target":2176},{"source":317,"target":2177},{"source":318,"target":1978},{"source":319,"target":2178},{"source":320,"target":2179},{"source":321,"target":169},{"source":322,"target":2180},{"source":323,"target":2123},{"source":324,"target":507},{"source":325,"target":2181},{"source":326,"target":2182},{"source":327,"target":2183},{"source":328,"target":1046},{"source":329,"target":1215},{"source":330,"target":527},{"source":331,"target":2184},{"source":332,"target":2185},{"source":333,"target":2186},{"source":334,"target":97},{"source":335,"target":2187},{"source":336,"target":2188},{"source":337,"target":642},{"source":338,"target":526},{"source":339,"target":1384},{"source":340,"target":192},{"source":341,"target":2189},{"source":342,"target":954},{"source":343,"target":2190},{"source":344,"target":1766},{"source":345,"target":2168},{"source":346,"target":1397},{"source":347,"target":2037},{"source":348,"target":2191},{"source":349,"target":2192},{"source":350,"target":724},{"source":351,"target":87},{"source":352,"target":1265},{"source":353,"target":537},{"source":354,"target":2056},{"source":355,"target":961},{"source":356,"target":858},{"source":357,"target":599},{"source":358,"target":1940},{"source":359,"target":362},{"source":360,"target":1074},{"source":361,"target":2193},{"source":362,"target":1991},{"source":363,"target":1696},{"source":364,"target":143},{"source":365,"target":2194},{"source":366,"target":1631},{"source":367,"target":2195},{"source":368,"target":1830},{"source":369,"target":1785},{"source":370,"target":2196},{"source":371,"target":1719},{"source":372,"target":2144},{"source":373,"target":290},{"source":374,"target":1715},{"source":375,"target":1691},{"source":376,"target":2197},{"source":377,"target":1596},{"source":378,"target":1664},{"source":379,"target":875},{"source":380,"target":1605},{"source":381,"target":614},{"source":382,"target":34},{"source":383,"target":119},{"source":384,"target":2198},{"source":385,"target":940},{"source":386,"target":1344},{"source":387,"target":1620},{"source":388,"target":362},{"source":389,"target":169},{"source":390,"target":2179},{"source":391,"target":476},{"source":392,"target":2199},{"source":393,"target":1719},{"source":394,"target":2200},{"source":395,"target":2201},{"source":396,"target":26},{"source":397,"target":2202},{"source":398,"target":214},{"source":399,"target":2168},{"source":400,"target":310},{"source":401,"target":1212},{"source":402,"target":2203},{"source":403,"target":2204},{"source":404,"target":2205},{"source":405,"target":1521},{"source":406,"target":2206},{"source":407,"target":2207},{"source":408,"target":1549},{"source":409,"target":2208},{"source":410,"target":1554},{"source":411,"target":2209},{"source":412,"target":868},{"source":413,"target":2210},{"source":414,"target":1016},{"source":415,"target":2016},{"source":416,"target":2211},{"source":417,"target":570},{"source":418,"target":2212},{"source":419,"target":2},{"source":420,"target":1216},{"source":421,"target":821},{"source":422,"target":1658},{"source":423,"target":2213},{"source":424,"target":2214},{"source":425,"target":1929},{"source":426,"target":1605},{"source":427,"target":1514},{"source":428,"target":940},{"source":429,"target":2215},{"source":430,"target":2216},{"source":431,"target":2217},{"source":432,"target":92},{"source":433,"target":1523},{"source":434,"target":1987},{"source":435,"target":1397},{"source":436,"target":1912},{"source":437,"target":1359},{"source":438,"target":1703},{"source":439,"target":995},{"source":440,"target":282},{"source":441,"target":2218},{"source":442,"target":2008},{"source":443,"target":660},{"source":444,"target":211},{"source":445,"target":2219},{"source":446,"target":1344},{"source":447,"target":2220},{"source":448,"target":81},{"source":449,"target":1073},{"source":450,"target":2221},{"source":451,"target":1165},{"source":452,"target":2222},{"source":453,"target":1525},{"source":454,"target":1187},{"source":455,"target":2194},{"source":456,"target":1694},{"source":457,"target":2223},{"source":458,"target":1706},{"source":459,"target":1612},{"source":460,"target":2224},{"source":461,"target":2225},{"source":462,"target":2168},{"source":463,"target":1651},{"source":464,"target":655},{"source":465,"target":1931},{"source":466,"target":2226},{"source":467,"target":2108},{"source":468,"target":1404},{"source":469,"target":2227},{"source":470,"target":524},{"source":471,"target":2228},{"source":472,"target":2},{"source":473,"target":524},{"source":474,"target":2229},{"source":475,"target":744},{"source":476,"target":1987},{"source":477,"target":2052},{"source":478,"target":1321},{"source":479,"target":2230},{"source":480,"target":2231},{"source":481,"target":1605},{"source":482,"target":614},{"source":483,"target":476},{"source":484,"target":2232},{"source":485,"target":2108},{"source":486,"target":2233},{"source":487,"target":1821},{"source":488,"target":2234},{"source":489,"target":1674},{"source":490,"target":2235},{"source":491,"target":1690},{"source":492,"target":1397},{"source":493,"target":2236},{"source":494,"target":192},{"source":495,"target":459},{"source":496,"target":2237},{"source":497,"target":268},{"source":498,"target":400},{"source":499,"target":383},{"source":500,"target":2238},{"source":501,"target":2239},{"source":502,"target":268},{"source":503,"target":1596},{"source":504,"target":2240},{"source":505,"target":2241},{"source":506,"target":511},{"source":507,"target":711},{"source":508,"target":2242},{"source":509,"target":2243},{"source":510,"target":2244},{"source":511,"target":1292},{"source":512,"target":2245},{"source":513,"target":1501},{"source":514,"target":2246},{"source":515,"target":1494},{"source":516,"target":1663},{"source":517,"target":2247},{"source":518,"target":511},{"source":519,"target":1495},{"source":520,"target":1779},{"source":521,"target":2248},{"source":522,"target":1559},{"source":523,"target":1941},{"source":524,"target":301},{"source":525,"target":2249},{"source":526,"target":1160},{"source":527,"target":58},{"source":528,"target":2114},{"source":529,"target":2109},{"source":530,"target":19},{"source":531,"target":2182},{"source":532,"target":481},{"source":533,"target":211},{"source":534,"target":2143},{"source":535,"target":2250},{"source":536,"target":527},{"source":537,"target":716},{"source":538,"target":1305},{"source":539,"target":1413},{"source":540,"target":961},{"source":541,"target":995},{"source":542,"target":2251},{"source":543,"target":571},{"source":544,"target":2252},{"source":545,"target":2253},{"source":546,"target":691},{"source":547,"target":2254},{"source":548,"target":2255},{"source":549,"target":2081},{"source":550,"target":1434},{"source":551,"target":2181},{"source":552,"target":2256},{"source":553,"target":1576},{"source":554,"target":1537},{"source":555,"target":1137},{"source":556,"target":2257},{"source":557,"target":2258},{"source":558,"target":2259},{"source":559,"target":2260},{"source":560,"target":995},{"source":561,"target":1981},{"source":562,"target":940},{"source":563,"target":2261},{"source":564,"target":2262},{"source":565,"target":1719},{"source":566,"target":2263},{"source":567,"target":2264},{"source":568,"target":538},{"source":569,"target":282},{"source":570,"target":1059},{"source":571,"target":1295},{"source":572,"target":691},{"source":573,"target":2265},{"source":574,"target":86},{"source":575,"target":995},{"source":576,"target":2266},{"source":577,"target":2267},{"source":578,"target":1731},{"source":579,"target":2050},{"source":580,"target":1240},{"source":581,"target":893},{"source":582,"target":1145},{"source":583,"target":2268},{"source":584,"target":1664},{"source":585,"target":2269},{"source":586,"target":599},{"source":587,"target":2270},{"source":588,"target":244},{"source":589,"target":2271},{"source":590,"target":1218},{"source":591,"target":1377},{"source":592,"target":619},{"source":593,"target":2272},{"source":594,"target":421},{"source":595,"target":2055},{"source":596,"target":2273},{"source":597,"target":2274},{"source":598,"target":34},{"source":599,"target":2275},{"source":600,"target":1086},{"source":601,"target":2276},{"source":602,"target":1060},{"source":603,"target":976},{"source":604,"target":1987},{"source":605,"target":2277},{"source":606,"target":2278},{"source":607,"target":1595},{"source":608,"target":2279},{"source":609,"target":1541},{"source":610,"target":2280},{"source":611,"target":140},{"source":612,"target":771},{"source":613,"target":80},{"source":614,"target":1397},{"source":615,"target":524},{"source":616,"target":357},{"source":617,"target":1133},{"source":618,"target":2281},{"source":619,"target":587},{"source":620,"target":1092},{"source":621,"target":2282},{"source":622,"target":946},{"source":623,"target":542},{"source":624,"target":2212},{"source":625,"target":2283},{"source":626,"target":1060},{"source":627,"target":2284},{"source":628,"target":2285},{"source":629,"target":1920},{"source":630,"target":1493},{"source":631,"target":2286},{"source":632,"target":1093},{"source":633,"target":592},{"source":634,"target":610},{"source":635,"target":1875},{"source":636,"target":2287},{"source":637,"target":2288},{"source":638,"target":1566},{"source":639,"target":2289},{"source":640,"target":2290},{"source":641,"target":1404},{"source":642,"target":2291},{"source":643,"target":1764},{"source":644,"target":2292},{"source":645,"target":926},{"source":646,"target":1680},{"source":647,"target":1153},{"source":648,"target":2293},{"source":649,"target":995},{"source":650,"target":2294},{"source":651,"target":23},{"source":652,"target":2295},{"source":653,"target":2296},{"source":654,"target":2297},{"source":655,"target":1935},{"source":656,"target":494},{"source":657,"target":1224},{"source":658,"target":2298},{"source":659,"target":591},{"source":660,"target":1649},{"source":661,"target":1663},{"source":662,"target":2299},{"source":663,"target":1608},{"source":664,"target":2300},{"source":665,"target":1608},{"source":666,"target":2194},{"source":667,"target":2301},{"source":668,"target":1346},{"source":669,"target":1519},{"source":670,"target":2302},{"source":671,"target":373},{"source":672,"target":2303},{"source":673,"target":2304},{"source":674,"target":536},{"source":675,"target":1566},{"source":676,"target":639},{"source":677,"target":810},{"source":678,"target":2305},{"source":679,"target":2306},{"source":680,"target":2307},{"source":681,"target":2},{"source":682,"target":1053},{"source":683,"target":1337},{"source":684,"target":2212},{"source":685,"target":2027},{"source":686,"target":1585},{"source":687,"target":1658},{"source":688,"target":575},{"source":689,"target":2308},{"source":690,"target":2309},{"source":691,"target":1664},{"source":692,"target":2310},{"source":693,"target":2311},{"source":694,"target":1798},{"source":695,"target":2312},{"source":696,"target":660},{"source":697,"target":491},{"source":698,"target":15},{"source":699,"target":1979},{"source":700,"target":81},{"source":701,"target":1596},{"source":702,"target":1165},{"source":703,"target":1762},{"source":704,"target":1153},{"source":705,"target":2313},{"source":706,"target":2314},{"source":707,"target":1046},{"source":708,"target":1748},{"source":709,"target":1292},{"source":710,"target":2315},{"source":711,"target":1035},{"source":712,"target":1120},{"source":713,"target":1437},{"source":714,"target":2316},{"source":715,"target":216},{"source":716,"target":1035},{"source":717,"target":913},{"source":718,"target":1493},{"source":719,"target":441},{"source":720,"target":2177},{"source":721,"target":331},{"source":722,"target":2317},{"source":723,"target":2182},{"source":724,"target":1659},{"source":725,"target":2318},{"source":726,"target":2319},{"source":727,"target":834},{"source":728,"target":1300},{"source":729,"target":1395},{"source":730,"target":2320},{"source":731,"target":2321},{"source":732,"target":2164},{"source":733,"target":1568},{"source":734,"target":2322},{"source":735,"target":2323},{"source":736,"target":2324},{"source":737,"target":2325},{"source":738,"target":2026},{"source":739,"target":2326},{"source":740,"target":163},{"source":741,"target":2120},{"source":742,"target":1885},{"source":743,"target":522},{"source":744,"target":1920},{"source":745,"target":1605},{"source":746,"target":1124},{"source":747,"target":2327},{"source":748,"target":2328},{"source":749,"target":2329},{"source":750,"target":97},{"source":751,"target":1987},{"source":752,"target":2330},{"source":753,"target":468},{"source":754,"target":1016},{"source":755,"target":2143},{"source":756,"target":2194},{"source":757,"target":940},{"source":758,"target":2331},{"source":759,"target":1835},{"source":760,"target":167},{"source":761,"target":44},{"source":762,"target":450},{"source":763,"target":2332},{"source":764,"target":2021},{"source":765,"target":340},{"source":766,"target":2300},{"source":767,"target":2333},{"source":768,"target":2181},{"source":769,"target":1720},{"source":770,"target":769},{"source":771,"target":2334},{"source":772,"target":2335},{"source":773,"target":469},{"source":774,"target":1497},{"source":775,"target":1508},{"source":776,"target":1590},{"source":777,"target":2282},{"source":778,"target":2336},{"source":779,"target":2337},{"source":780,"target":1604},{"source":781,"target":1035},{"source":782,"target":2338},{"source":783,"target":1663},{"source":784,"target":1198},{"source":785,"target":1559},{"source":786,"target":405},{"source":787,"target":983},{"source":788,"target":2339},{"source":789,"target":2340},{"source":790,"target":2341},{"source":791,"target":2342},{"source":792,"target":1706},{"source":793,"target":2202},{"source":794,"target":556},{"source":795,"target":23},{"source":796,"target":216},{"source":797,"target":469},{"source":798,"target":2212},{"source":799,"target":69},{"source":800,"target":2343},{"source":801,"target":2292},{"source":802,"target":2320},{"source":803,"target":15},{"source":804,"target":1719},{"source":805,"target":131},{"source":806,"target":2182},{"source":807,"target":227},{"source":808,"target":995},{"source":809,"target":176},{"source":810,"target":1397},{"source":811,"target":2344},{"source":812,"target":211},{"source":813,"target":124},{"source":814,"target":492},{"source":815,"target":1559},{"source":816,"target":2345},{"source":817,"target":2346},{"source":818,"target":2347},{"source":819,"target":1918},{"source":820,"target":1107},{"source":821,"target":1987},{"source":822,"target":2348},{"source":823,"target":2349},{"source":824,"target":961},{"source":825,"target":2194},{"source":826,"target":2037},{"source":827,"target":2350},{"source":828,"target":1048},{"source":829,"target":2146},{"source":830,"target":1755},{"source":831,"target":1939},{"source":832,"target":2059},{"source":833,"target":375},{"source":834,"target":176},{"source":835,"target":2224},{"source":836,"target":1935},{"source":837,"target":2351},{"source":838,"target":101},{"source":839,"target":2352},{"source":840,"target":1850},{"source":841,"target":873},{"source":842,"target":1120},{"source":843,"target":1658},{"source":844,"target":465},{"source":845,"target":2353},{"source":846,"target":452},{"source":847,"target":2354},{"source":848,"target":2355},{"source":849,"target":817},{"source":850,"target":829},{"source":851,"target":486},{"source":852,"target":1194},{"source":853,"target":211},{"source":854,"target":50},{"source":855,"target":1935},{"source":856,"target":1565},{"source":857,"target":2356},{"source":858,"target":2137},{"source":859,"target":575},{"source":860,"target":1780},{"source":861,"target":2006},{"source":862,"target":852},{"source":863,"target":2357},{"source":864,"target":2358},{"source":865,"target":2359},{"source":866,"target":507},{"source":867,"target":2360},{"source":868,"target":2108},{"source":869,"target":2109},{"source":870,"target":2165},{"source":871,"target":995},{"source":872,"target":1483},{"source":873,"target":1596},{"source":874,"target":2361},{"source":875,"target":290},{"source":876,"target":361},{"source":877,"target":479},{"source":878,"target":2052},{"source":879,"target":2362},{"source":880,"target":995},{"source":881,"target":2123},{"source":882,"target":2363},{"source":883,"target":688},{"source":884,"target":1702},{"source":885,"target":2052},{"source":886,"target":2048},{"source":887,"target":687},{"source":888,"target":1160},{"source":889,"target":655},{"source":890,"target":2056},{"source":891,"target":1968},{"source":892,"target":2103},{"source":893,"target":123},{"source":894,"target":591},{"source":895,"target":2261},{"source":896,"target":2202},{"source":897,"target":1720},{"source":898,"target":540},{"source":899,"target":2364},{"source":900,"target":2365},{"source":901,"target":2366},{"source":902,"target":124},{"source":903,"target":459},{"source":904,"target":2367},{"source":905,"target":2368},{"source":906,"target":702},{"source":907,"target":1107},{"source":908,"target":829},{"source":909,"target":784},{"source":910,"target":2369},{"source":911,"target":2370},{"source":912,"target":1565},{"source":913,"target":211},{"source":914,"target":1664},{"source":915,"target":2371},{"source":916,"target":591},{"source":917,"target":1124},{"source":918,"target":2372},{"source":919,"target":114},{"source":920,"target":2373},{"source":921,"target":211},{"source":922,"target":1124},{"source":923,"target":2169},{"source":924,"target":542},{"source":925,"target":622},{"source":926,"target":712},{"source":927,"target":2374},{"source":928,"target":1397},{"source":929,"target":2375},{"source":930,"target":850},{"source":931,"target":626},{"source":932,"target":2376},{"source":933,"target":1098},{"source":934,"target":427},{"source":935,"target":538},{"source":936,"target":1248},{"source":937,"target":1391},{"source":938,"target":2377},{"source":939,"target":333},{"source":940,"target":1391},{"source":941,"target":2378},{"source":942,"target":1720},{"source":943,"target":501},{"source":944,"target":2379},{"source":945,"target":1596},{"source":946,"target":1033},{"source":947,"target":2380},{"source":948,"target":97},{"source":949,"target":1160},{"source":950,"target":405},{"source":951,"target":2381},{"source":952,"target":1687},{"source":953,"target":493},{"source":954,"target":16},{"source":955,"target":836},{"source":956,"target":2170},{"source":957,"target":500},{"source":958,"target":1291},{"source":959,"target":1618},{"source":960,"target":1506},{"source":961,"target":1321},{"source":962,"target":1938},{"source":963,"target":721},{"source":964,"target":215},{"source":965,"target":1724},{"source":966,"target":1984},{"source":967,"target":1006},{"source":968,"target":1060},{"source":969,"target":2382},{"source":970,"target":51},{"source":971,"target":1523},{"source":972,"target":834},{"source":973,"target":832},{"source":974,"target":536},{"source":975,"target":2},{"source":976,"target":1069},{"source":977,"target":2383},{"source":978,"target":2384},{"source":979,"target":724},{"source":980,"target":2385},{"source":981,"target":2386},{"source":982,"target":2387},{"source":983,"target":331},{"source":984,"target":1087},{"source":985,"target":624},{"source":986,"target":2388},{"source":987,"target":2103},{"source":988,"target":97},{"source":989,"target":2389},{"source":990,"target":1830},{"source":991,"target":1893},{"source":992,"target":815},{"source":993,"target":396},{"source":994,"target":2390},{"source":995,"target":2292},{"source":996,"target":1215},{"source":997,"target":2391},{"source":998,"target":1596},{"source":999,"target":498},{"source":1000,"target":2392},{"source":1001,"target":1838},{"source":1002,"target":2393},{"source":1003,"target":1941},{"source":1004,"target":1781},{"source":1005,"target":713},{"source":1006,"target":644},{"source":1007,"target":405},{"source":1008,"target":1280},{"source":1009,"target":301},{"source":1010,"target":2394},{"source":1011,"target":2395},{"source":1012,"target":2396},{"source":1013,"target":2397},{"source":1014,"target":2398},{"source":1015,"target":2399},{"source":1016,"target":2400},{"source":1017,"target":2401},{"source":1018,"target":1158},{"source":1019,"target":2402},{"source":1020,"target":370},{"source":1021,"target":1397},{"source":1022,"target":1897},{"source":1023,"target":1687},{"source":1024,"target":902},{"source":1025,"target":1788},{"source":1026,"target":1432},{"source":1027,"target":995},{"source":1028,"target":314},{"source":1029,"target":542},{"source":1030,"target":602},{"source":1031,"target":459},{"source":1032,"target":1395},{"source":1033,"target":342},{"source":1034,"target":2336},{"source":1035,"target":1580},{"source":1036,"target":243},{"source":1037,"target":2108},{"source":1038,"target":1715},{"source":1039,"target":2085},{"source":1040,"target":1411},{"source":1041,"target":701},{"source":1042,"target":96},{"source":1043,"target":890},{"source":1044,"target":2403},{"source":1045,"target":376},{"source":1046,"target":275},{"source":1047,"target":1077},{"source":1048,"target":1320},{"source":1049,"target":1155},{"source":1050,"target":1617},{"source":1051,"target":2404},{"source":1052,"target":309},{"source":1053,"target":2290},{"source":1054,"target":2405},{"source":1055,"target":1141},{"source":1056,"target":1007},{"source":1057,"target":784},{"source":1058,"target":101},{"source":1059,"target":2406},{"source":1060,"target":72},{"source":1061,"target":491},{"source":1062,"target":2384},{"source":1063,"target":2407},{"source":1064,"target":2408},{"source":1065,"target":72},{"source":1066,"target":2409},{"source":1067,"target":413},{"source":1068,"target":527},{"source":1069,"target":2410},{"source":1070,"target":1087},{"source":1071,"target":2411},{"source":1072,"target":507},{"source":1073,"target":44},{"source":1074,"target":2194},{"source":1075,"target":345},{"source":1076,"target":2412},{"source":1077,"target":1101},{"source":1078,"target":1830},{"source":1079,"target":192},{"source":1080,"target":2413},{"source":1081,"target":394},{"source":1082,"target":2414},{"source":1083,"target":1280},{"source":1084,"target":579},{"source":1085,"target":2415},{"source":1086,"target":1193},{"source":1087,"target":1312},{"source":1088,"target":1830},{"source":1089,"target":1671},{"source":1090,"target":1521},{"source":1091,"target":2416},{"source":1092,"target":1590},{"source":1093,"target":846},{"source":1094,"target":1703},{"source":1095,"target":2417},{"source":1096,"target":441},{"source":1097,"target":290},{"source":1098,"target":2246},{"source":1099,"target":1850},{"source":1100,"target":2137},{"source":1101,"target":2146},{"source":1102,"target":214},{"source":1103,"target":333},{"source":1104,"target":2108},{"source":1105,"target":2338},{"source":1106,"target":1861},{"source":1107,"target":2418},{"source":1108,"target":1120},{"source":1109,"target":465},{"source":1110,"target":2419},{"source":1111,"target":69},{"source":1112,"target":880},{"source":1113,"target":893},{"source":1114,"target":2247},{"source":1115,"target":1762},{"source":1116,"target":1203},{"source":1117,"target":2420},{"source":1118,"target":1270},{"source":1119,"target":37},{"source":1120,"target":413},{"source":1121,"target":139},{"source":1122,"target":345},{"source":1123,"target":2261},{"source":1124,"target":2123},{"source":1125,"target":602},{"source":1126,"target":352},{"source":1127,"target":1041},{"source":1128,"target":507},{"source":1129,"target":1397},{"source":1130,"target":362},{"source":1131,"target":2421},{"source":1132,"target":76},{"source":1133,"target":1305},{"source":1134,"target":724},{"source":1135,"target":1650},{"source":1136,"target":2422},{"source":1137,"target":2223},{"source":1138,"target":2156},{"source":1139,"target":1477},{"source":1140,"target":1086},{"source":1141,"target":459},{"source":1142,"target":1987},{"source":1143,"target":1397},{"source":1144,"target":2423},{"source":1145,"target":2194},{"source":1146,"target":1951},{"source":1147,"target":2424},{"source":1148,"target":1608},{"source":1149,"target":1918},{"source":1150,"target":2425},{"source":1151,"target":1979},{"source":1152,"target":2426},{"source":1153,"target":2427},{"source":1154,"target":2089},{"source":1155,"target":452},{"source":1156,"target":575},{"source":1157,"target":1070},{"source":1158,"target":1395},{"source":1159,"target":2168},{"source":1160,"target":1107},{"source":1161,"target":2384},{"source":1162,"target":1663},{"source":1163,"target":2198},{"source":1164,"target":2428},{"source":1165,"target":2429},{"source":1166,"target":2430},{"source":1167,"target":948},{"source":1168,"target":1025},{"source":1169,"target":1945},{"source":1170,"target":2431},{"source":1171,"target":134},{"source":1172,"target":142},{"source":1173,"target":216},{"source":1174,"target":2432},{"source":1175,"target":563},{"source":1176,"target":2433},{"source":1177,"target":704},{"source":1178,"target":2072},{"source":1179,"target":1071},{"source":1180,"target":1762},{"source":1181,"target":215},{"source":1182,"target":1292},{"source":1183,"target":2434},{"source":1184,"target":2435},{"source":1185,"target":768},{"source":1186,"target":64},{"source":1187,"target":2436},{"source":1188,"target":2243},{"source":1189,"target":1617},{"source":1190,"target":452},{"source":1191,"target":41},{"source":1192,"target":1595},{"source":1193,"target":218},{"source":1194,"target":1843},{"source":1195,"target":2083},{"source":1196,"target":2437},{"source":1197,"target":961},{"source":1198,"target":213},{"source":1199,"target":1537},{"source":1200,"target":599},{"source":1201,"target":1135},{"source":1202,"target":123},{"source":1203,"target":211},{"source":1204,"target":1101},{"source":1205,"target":2438},{"source":1206,"target":1341},{"source":1207,"target":974},{"source":1208,"target":945},{"source":1209,"target":1374},{"source":1210,"target":449},{"source":1211,"target":1519},{"source":1212,"target":2439},{"source":1213,"target":2440},{"source":1214,"target":2441},{"source":1215,"target":1046},{"source":1216,"target":1703},{"source":1217,"target":2442},{"source":1218,"target":2351},{"source":1219,"target":279},{"source":1220,"target":1596},{"source":1221,"target":1090},{"source":1222,"target":1519},{"source":1223,"target":553},{"source":1224,"target":1688},{"source":1225,"target":2443},{"source":1226,"target":1624},{"source":1227,"target":1802},{"source":1228,"target":880},{"source":1229,"target":1918},{"source":1230,"target":1541},{"source":1231,"target":2444},{"source":1232,"target":1210},{"source":1233,"target":2056},{"source":1234,"target":2445},{"source":1235,"target":1588},{"source":1236,"target":1193},{"source":1237,"target":1519},{"source":1238,"target":717},{"source":1239,"target":1703},{"source":1240,"target":1101},{"source":1241,"target":498},{"source":1242,"target":2446},{"source":1243,"target":2447},{"source":1244,"target":46},{"source":1245,"target":2339},{"source":1246,"target":457},{"source":1247,"target":1025},{"source":1248,"target":1631},{"source":1249,"target":2448},{"source":1250,"target":2109},{"source":1251,"target":1378},{"source":1252,"target":2170},{"source":1253,"target":112},{"source":1254,"target":843},{"source":1255,"target":1087},{"source":1256,"target":2449},{"source":1257,"target":2450},{"source":1258,"target":511},{"source":1259,"target":536},{"source":1260,"target":1781},{"source":1261,"target":441},{"source":1262,"target":462},{"source":1263,"target":2451},{"source":1264,"target":97},{"source":1265,"target":773},{"source":1266,"target":829},{"source":1267,"target":995},{"source":1268,"target":1382},{"source":1269,"target":1911},{"source":1270,"target":687},{"source":1271,"target":1791},{"source":1272,"target":1346},{"source":1273,"target":995},{"source":1274,"target":2452},{"source":1275,"target":1714},{"source":1276,"target":2356},{"source":1277,"target":869},{"source":1278,"target":1202},{"source":1279,"target":511},{"source":1280,"target":2453},{"source":1281,"target":2052},{"source":1282,"target":501},{"source":1283,"target":2008},{"source":1284,"target":70},{"source":1285,"target":1658},{"source":1286,"target":882},{"source":1287,"target":2454},{"source":1288,"target":2455},{"source":1289,"target":172},{"source":1290,"target":1930},{"source":1291,"target":767},{"source":1292,"target":2456},{"source":1293,"target":923},{"source":1294,"target":2356},{"source":1295,"target":344},{"source":1296,"target":1598},{"source":1297,"target":2457},{"source":1298,"target":1597},{"source":1299,"target":1498},{"source":1300,"target":2458},{"source":1301,"target":1809},{"source":1302,"target":1646},{"source":1303,"target":2459},{"source":1304,"target":459},{"source":1305,"target":1335},{"source":1306,"target":1450},{"source":1307,"target":2460},{"source":1308,"target":1732},{"source":1309,"target":1330},{"source":1310,"target":97},{"source":1311,"target":376},{"source":1312,"target":16},{"source":1313,"target":995},{"source":1314,"target":2461},{"source":1315,"target":2462},{"source":1316,"target":352},{"source":1317,"target":2463},{"source":1318,"target":44},{"source":1319,"target":2182},{"source":1320,"target":2464},{"source":1321,"target":2123},{"source":1322,"target":1287},{"source":1323,"target":1101},{"source":1324,"target":922},{"source":1325,"target":2465},{"source":1326,"target":507},{"source":1327,"target":1636},{"source":1328,"target":2058},{"source":1329,"target":2466},{"source":1330,"target":1520},{"source":1331,"target":1615},{"source":1332,"target":1912},{"source":1333,"target":1240},{"source":1334,"target":396},{"source":1335,"target":1101},{"source":1336,"target":2467},{"source":1337,"target":853},{"source":1338,"target":1830},{"source":1339,"target":1205},{"source":1340,"target":1651},{"source":1341,"target":2254},{"source":1342,"target":2468},{"source":1343,"target":2469},{"source":1344,"target":1298},{"source":1345,"target":2470},{"source":1346,"target":1321},{"source":1347,"target":469},{"source":1348,"target":2471},{"source":1349,"target":2472},{"source":1350,"target":2473},{"source":1351,"target":295},{"source":1352,"target":413},{"source":1353,"target":375},{"source":1354,"target":236},{"source":1355,"target":1155},{"source":1356,"target":663},{"source":1357,"target":2474},{"source":1358,"target":2240},{"source":1359,"target":142},{"source":1360,"target":1990},{"source":1361,"target":1683},{"source":1362,"target":1658},{"source":1363,"target":2052},{"source":1364,"target":948},{"source":1365,"target":2475},{"source":1366,"target":733},{"source":1367,"target":1665},{"source":1368,"target":995},{"source":1369,"target":275},{"source":1370,"target":2476},{"source":1371,"target":1086},{"source":1372,"target":44},{"source":1373,"target":1048},{"source":1374,"target":290},{"source":1375,"target":1695},{"source":1376,"target":961},{"source":1377,"target":2477},{"source":1378,"target":2478},{"source":1379,"target":2137},{"source":1380,"target":1061},{"source":1381,"target":2479},{"source":1382,"target":2480},{"source":1383,"target":2481},{"source":1384,"target":1077},{"source":1385,"target":838},{"source":1386,"target":1417},{"source":1387,"target":2482},{"source":1388,"target":674},{"source":1389,"target":2173},{"source":1390,"target":459},{"source":1391,"target":1679},{"source":1392,"target":1590},{"source":1393,"target":425},{"source":1394,"target":169},{"source":1395,"target":970},{"source":1396,"target":491},{"source":1397,"target":413},{"source":1398,"target":1377},{"source":1399,"target":1719},{"source":1400,"target":511},{"source":1401,"target":1058},{"source":1402,"target":2483},{"source":1403,"target":48},{"source":1404,"target":1397},{"source":1405,"target":575},{"source":1406,"target":2484},{"source":1407,"target":1591},{"source":1408,"target":2119},{"source":1409,"target":64},{"source":1410,"target":1483},{"source":1411,"target":2485},{"source":1412,"target":2486},{"source":1413,"target":1362},{"source":1414,"target":2487},{"source":1415,"target":2488},{"source":1416,"target":2489},{"source":1417,"target":1664},{"source":1418,"target":1664},{"source":1419,"target":1766},{"source":1420,"target":112},{"source":1421,"target":2490},{"source":1422,"target":1890},{"source":1423,"target":2491},{"source":1424,"target":526},{"source":1425,"target":2492},{"source":1426,"target":180},{"source":1427,"target":26},{"source":1428,"target":97},{"source":1429,"target":1658},{"source":1430,"target":2493},{"source":1431,"target":2494},{"source":1432,"target":2146},{"source":1433,"target":2161},{"source":1434,"target":1523},{"source":1435,"target":2234},{"source":1436,"target":1391},{"source":1437,"target":2495},{"source":1438,"target":1154},{"source":1439,"target":1310},{"source":1440,"target":524},{"source":1441,"target":2118},{"source":1442,"target":761},{"source":1443,"target":2496},{"source":1444,"target":2497},{"source":1445,"target":1397},{"source":1446,"target":2056},{"source":1447,"target":176},{"source":1448,"target":2498},{"source":1449,"target":2387},{"source":1450,"target":2499},{"source":1451,"target":1281},{"source":1452,"target":2500},{"source":1453,"target":2020},{"source":1454,"target":1292},{"source":1455,"target":2356},{"source":1456,"target":2501},{"source":1457,"target":538},{"source":1458,"target":1397},{"source":1459,"target":1565},{"source":1460,"target":2459},{"source":1461,"target":2502},{"source":1462,"target":236},{"source":1463,"target":608},{"source":1464,"target":995},{"source":1465,"target":2503},{"source":1466,"target":2504},{"source":1467,"target":2505},{"source":1468,"target":2506},{"source":1469,"target":2507},{"source":1470,"target":2508},{"source":1471,"target":2509},{"source":1472,"target":2510},{"source":1473,"target":2257},{"source":1474,"target":2511},{"source":1475,"target":2512},{"source":1476,"target":2513},{"source":1477,"target":1719},{"source":1478,"target":2514},{"source":1479,"target":1617},{"source":1480,"target":1664},{"source":1481,"target":1890},{"source":1482,"target":2515},{"source":1483,"target":524},{"source":1484,"target":2168},{"source":1485,"target":2516},{"source":1486,"target":875},{"source":1487,"target":1665},{"source":1488,"target":1836},{"source":1489,"target":1384},{"source":1490,"target":2517},{"source":1491,"target":355},{"source":1492,"target":2518},{"source":1493,"target":2143},{"source":1494,"target":2512},{"source":1495,"target":81},{"source":1496,"target":1025},{"source":1497,"target":112},{"source":1498,"target":961},{"source":1499,"target":1965},{"source":1500,"target":212},{"source":1501,"target":2519},{"source":1502,"target":2520},{"source":1503,"target":2521},{"source":1504,"target":97},{"source":1505,"target":2522},{"source":1506,"target":2523},{"source":1507,"target":724},{"source":1508,"target":2108},{"source":1509,"target":1153},{"source":1510,"target":2524},{"source":1511,"target":2525},{"source":1512,"target":2526},{"source":1513,"target":2021},{"source":1514,"target":2154},{"source":1515,"target":1531},{"source":1516,"target":614},{"source":1517,"target":1929},{"source":1518,"target":1689},{"source":1519,"target":186},{"source":1520,"target":1931},{"source":1521,"target":2527},{"source":1522,"target":2528},{"source":1523,"target":2529},{"source":1524,"target":511},{"source":1525,"target":599},{"source":1526,"target":733},{"source":1527,"target":1646},{"source":1528,"target":2160},{"source":1529,"target":2530},{"source":1530,"target":1714},{"source":1531,"target":772},{"source":1532,"target":2531},{"source":1533,"target":1554},{"source":1534,"target":1727},{"source":1535,"target":2212},{"source":1536,"target":2186},{"source":1537,"target":1546},{"source":1538,"target":1543},{"source":1539,"target":2532},{"source":1540,"target":413},{"source":1541,"target":995},{"source":1542,"target":2533},{"source":1543,"target":1557},{"source":1544,"target":2534},{"source":1545,"target":2535},{"source":1546,"target":961},{"source":1547,"target":2355},{"source":1548,"target":1955},{"source":1549,"target":413},{"source":1550,"target":1107},{"source":1551,"target":2536},{"source":1552,"target":729},{"source":1553,"target":664},{"source":1554,"target":192},{"source":1555,"target":614},{"source":1556,"target":516},{"source":1557,"target":34},{"source":1558,"target":1548},{"source":1559,"target":2243},{"source":1560,"target":2211},{"source":1561,"target":1553},{"source":1562,"target":1809},{"source":1563,"target":2078},{"source":1564,"target":1638},{"source":1565,"target":1334},{"source":1566,"target":1815},{"source":1567,"target":2537},{"source":1568,"target":874},{"source":1569,"target":1818},{"source":1570,"target":449},{"source":1571,"target":2538},{"source":1572,"target":2364},{"source":1573,"target":2520},{"source":1574,"target":2177},{"source":1575,"target":2539},{"source":1576,"target":201},{"source":1577,"target":1391},{"source":1578,"target":2540},{"source":1579,"target":561},{"source":1580,"target":1788},{"source":1581,"target":2541},{"source":1582,"target":20},{"source":1583,"target":1684},{"source":1584,"target":2542},{"source":1585,"target":1155},{"source":1586,"target":626},{"source":1587,"target":2543},{"source":1588,"target":2544},{"source":1589,"target":2545},{"source":1590,"target":1585},{"source":1591,"target":89},{"source":1592,"target":1987},{"source":1593,"target":2395},{"source":1594,"target":40},{"source":1595,"target":2546},{"source":1596,"target":1690},{"source":1597,"target":2547},{"source":1598,"target":529},{"source":1599,"target":1778},{"source":1600,"target":2188},{"source":1601,"target":812},{"source":1602,"target":2548},{"source":1603,"target":1391},{"source":1604,"target":481},{"source":1605,"target":1695},{"source":1606,"target":2549},{"source":1607,"target":2550},{"source":1608,"target":16},{"source":1609,"target":2551},{"source":1610,"target":2552},{"source":1611,"target":1665},{"source":1612,"target":2553},{"source":1613,"target":2554},{"source":1614,"target":1462},{"source":1615,"target":1673},{"source":1616,"target":285},{"source":1617,"target":1788},{"source":1618,"target":995},{"source":1619,"target":1493},{"source":1620,"target":579},{"source":1621,"target":1882},{"source":1622,"target":1118},{"source":1623,"target":427},{"source":1624,"target":211},{"source":1625,"target":2555},{"source":1626,"target":2556},{"source":1627,"target":97},{"source":1628,"target":1108},{"source":1629,"target":2417},{"source":1630,"target":2557},{"source":1631,"target":2558},{"source":1632,"target":826},{"source":1633,"target":2043},{"source":1634,"target":785},{"source":1635,"target":1462},{"source":1636,"target":2559},{"source":1637,"target":1559},{"source":1638,"target":1545},{"source":1639,"target":1664},{"source":1640,"target":47},{"source":1641,"target":2379},{"source":1642,"target":1836},{"source":1643,"target":361},{"source":1644,"target":2560},{"source":1645,"target":542},{"source":1646,"target":1879},{"source":1647,"target":1596},{"source":1648,"target":2467},{"source":1649,"target":2561},{"source":1650,"target":1523},{"source":1651,"target":1741},{"source":1652,"target":2562},{"source":1653,"target":1664},{"source":1654,"target":1534},{"source":1655,"target":1058},{"source":1656,"target":251},{"source":1657,"target":2123},{"source":1658,"target":2563},{"source":1659,"target":1766},{"source":1660,"target":97},{"source":1661,"target":2564},{"source":1662,"target":688},{"source":1663,"target":639},{"source":1664,"target":880},{"source":1665,"target":419},{"source":1666,"target":2565},{"source":1667,"target":785},{"source":1668,"target":2566},{"source":1669,"target":847},{"source":1670,"target":1424},{"source":1671,"target":2108},{"source":1672,"target":479},{"source":1673,"target":192},{"source":1674,"target":1456},{"source":1675,"target":198},{"source":1676,"target":2103},{"source":1677,"target":2567},{"source":1678,"target":413},{"source":1679,"target":2249},{"source":1680,"target":2336},{"source":1681,"target":1022},{"source":1682,"target":2568},{"source":1683,"target":784},{"source":1684,"target":791},{"source":1685,"target":2325},{"source":1686,"target":1748},{"source":1687,"target":13},{"source":1688,"target":1929},{"source":1689,"target":1540},{"source":1690,"target":396},{"source":1691,"target":1101},{"source":1692,"target":1561},{"source":1693,"target":1886},{"source":1694,"target":1432},{"source":1695,"target":527},{"source":1696,"target":2569},{"source":1697,"target":2223},{"source":1698,"target":620},{"source":1699,"target":890},{"source":1700,"target":1617},{"source":1701,"target":2570},{"source":1702,"target":1659},{"source":1703,"target":610},{"source":1704,"target":1071},{"source":1705,"target":2209},{"source":1706,"target":1068},{"source":1707,"target":1731},{"source":1708,"target":875},{"source":1709,"target":1432},{"source":1710,"target":2073},{"source":1711,"target":2571},{"source":1712,"target":2325},{"source":1713,"target":2572},{"source":1714,"target":192},{"source":1715,"target":413},{"source":1716,"target":459},{"source":1717,"target":2085},{"source":1718,"target":1090},{"source":1719,"target":1397},{"source":1720,"target":1719},{"source":1721,"target":1938},{"source":1722,"target":352},{"source":1723,"target":2573},{"source":1724,"target":49},{"source":1725,"target":619},{"source":1726,"target":2574},{"source":1727,"target":1391},{"source":1728,"target":1252},{"source":1729,"target":1384},{"source":1730,"target":2575},{"source":1731,"target":2160},{"source":1732,"target":1087},{"source":1733,"target":97},{"source":1734,"target":2077},{"source":1735,"target":2576},{"source":1736,"target":2577},{"source":1737,"target":804},{"source":1738,"target":542},{"source":1739,"target":1087},{"source":1740,"target":2342},{"source":1741,"target":2578},{"source":1742,"target":435},{"source":1743,"target":2579},{"source":1744,"target":1938},{"source":1745,"target":133},{"source":1746,"target":1918},{"source":1747,"target":405},{"source":1748,"target":761},{"source":1749,"target":206},{"source":1750,"target":2065},{"source":1751,"target":2580},{"source":1752,"target":1160},{"source":1753,"target":2581},{"source":1754,"target":2008},{"source":1755,"target":610},{"source":1756,"target":1664},{"source":1757,"target":1554},{"source":1758,"target":1781},{"source":1759,"target":575},{"source":1760,"target":1890},{"source":1761,"target":697},{"source":1762,"target":1155},{"source":1763,"target":2089},{"source":1764,"target":101},{"source":1765,"target":1266},{"source":1766,"target":69},{"source":1767,"target":1815},{"source":1768,"target":476},{"source":1769,"target":962},{"source":1770,"target":2582},{"source":1771,"target":1292},{"source":1772,"target":214},{"source":1773,"target":890},{"source":1774,"target":1060},{"source":1775,"target":2583},{"source":1776,"target":2143},{"source":1777,"target":846},{"source":1778,"target":69},{"source":1779,"target":995},{"source":1780,"target":1893},{"source":1781,"target":2108},{"source":1782,"target":2584},{"source":1783,"target":1808},{"source":1784,"target":760},{"source":1785,"target":751},{"source":1786,"target":101},{"source":1787,"target":895},{"source":1788,"target":1658},{"source":1789,"target":1200},{"source":1790,"target":1006},{"source":1791,"target":1124},{"source":1792,"target":2585},{"source":1793,"target":2586},{"source":1794,"target":318},{"source":1795,"target":1165},{"source":1796,"target":2587},{"source":1797,"target":1332},{"source":1798,"target":2588},{"source":1799,"target":2172},{"source":1800,"target":2589},{"source":1801,"target":2590},{"source":1802,"target":507},{"source":1803,"target":2591},{"source":1804,"target":2140},{"source":1805,"target":2592},{"source":1806,"target":1134},{"source":1807,"target":1397},{"source":1808,"target":2593},{"source":1809,"target":1404},{"source":1810,"target":2594},{"source":1811,"target":340},{"source":1812,"target":2595},{"source":1813,"target":1497},{"source":1814,"target":359},{"source":1815,"target":69},{"source":1816,"target":1709},{"source":1817,"target":2596},{"source":1818,"target":2133},{"source":1819,"target":69},{"source":1820,"target":1645},{"source":1821,"target":1493},{"source":1822,"target":2597},{"source":1823,"target":2598},{"source":1824,"target":2212},{"source":1825,"target":599},{"source":1826,"target":1598},{"source":1827,"target":346},{"source":1828,"target":2599},{"source":1829,"target":1248},{"source":1830,"target":380},{"source":1831,"target":2600},{"source":1832,"target":169},{"source":1833,"target":2601},{"source":1834,"target":1570},{"source":1835,"target":1918},{"source":1836,"target":887},{"source":1837,"target":1851},{"source":1838,"target":2602},{"source":1839,"target":1595},{"source":1840,"target":2603},{"source":1841,"target":1935},{"source":1842,"target":413},{"source":1843,"target":995},{"source":1844,"target":2604},{"source":1845,"target":380},{"source":1846,"target":2605},{"source":1847,"target":2606},{"source":1848,"target":2168},{"source":1849,"target":1559},{"source":1850,"target":819},{"source":1851,"target":1443},{"source":1852,"target":2607},{"source":1853,"target":1554},{"source":1854,"target":2143},{"source":1855,"target":2608},{"source":1856,"target":1248},{"source":1857,"target":1559},{"source":1858,"target":192},{"source":1859,"target":2247},{"source":1860,"target":1559},{"source":1861,"target":1559},{"source":1862,"target":2609},{"source":1863,"target":1913},{"source":1864,"target":1397},{"source":1865,"target":1987},{"source":1866,"target":1548},{"source":1867,"target":2052},{"source":1868,"target":1495},{"source":1869,"target":2108},{"source":1870,"target":459},{"source":1871,"target":2610},{"source":1872,"target":1058},{"source":1873,"target":614},{"source":1874,"target":1211},{"source":1875,"target":1271},{"source":1876,"target":2611},{"source":1877,"target":2247},{"source":1878,"target":1101},{"source":1879,"target":1089},{"source":1880,"target":2270},{"source":1881,"target":286},{"source":1882,"target":1946},{"source":1883,"target":772},{"source":1884,"target":846},{"source":1885,"target":1554},{"source":1886,"target":1739},{"source":1887,"target":937},{"source":1888,"target":2612},{"source":1889,"target":602},{"source":1890,"target":1565},{"source":1891,"target":1605},{"source":1892,"target":2596},{"source":1893,"target":1627},{"source":1894,"target":846},{"source":1895,"target":614},{"source":1896,"target":2613},{"source":1897,"target":1006},{"source":1898,"target":2614},{"source":1899,"target":2615},{"source":1900,"target":921},{"source":1901,"target":750},{"source":1902,"target":1307},{"source":1903,"target":1938},{"source":1904,"target":1897},{"source":1905,"target":1087},{"source":1906,"target":2616},{"source":1907,"target":2617},{"source":1908,"target":216},{"source":1909,"target":2194},{"source":1910,"target":1197},{"source":1911,"target":2194},{"source":1912,"target":1432},{"source":1913,"target":112},{"source":1914,"target":2540},{"source":1915,"target":2120},{"source":1916,"target":2618},{"source":1917,"target":2619},{"source":1918,"target":1029},{"source":1919,"target":1604},{"source":1920,"target":69},{"source":1921,"target":2387},{"source":1922,"target":1825},{"source":1923,"target":2620},{"source":1924,"target":20},{"source":1925,"target":2599},{"source":1926,"target":1604},{"source":1927,"target":342},{"source":1928,"target":1755},{"source":1929,"target":355},{"source":1930,"target":413},{"source":1931,"target":1669},{"source":1932,"target":1086},{"source":1933,"target":1923},{"source":1934,"target":844},{"source":1935,"target":1618},{"source":1936,"target":2621},{"source":1937,"target":241},{"source":1938,"target":101},{"source":1939,"target":1627},{"source":1940,"target":2384},{"source":1941,"target":241},{"source":1942,"target":58},{"source":1943,"target":1170},{"source":1944,"target":1687},{"source":1945,"target":2622},{"source":1946,"target":2623},{"source":1947,"target":2624},{"source":1948,"target":2625},{"source":1949,"target":2626},{"source":1950,"target":2627},{"source":1951,"target":2628},{"source":1952,"target":767},{"source":1953,"target":2629},{"source":1954,"target":235},{"source":1955,"target":94},{"source":1956,"target":2057},{"source":1957,"target":2630},{"source":1958,"target":1029},{"source":1959,"target":294},{"source":1960,"target":1006},{"source":1961,"target":14},{"source":1962,"target":40},{"source":1963,"target":1072},{"source":1964,"target":697},{"source":1965,"target":1703},{"source":1966,"target":614},{"source":1967,"target":1605},{"source":1968,"target":2292},{"source":1969,"target":1404},{"source":1970,"target":2486},{"source":1971,"target":254},{"source":1972,"target":2631},{"source":1973,"target":1987},{"source":1974,"target":658},{"source":1975,"target":2632},{"source":1976,"target":1549},{"source":1977,"target":2633},{"source":1978,"target":2072},{"source":1979,"target":352},{"source":1980,"target":1631},{"source":1981,"target":2634},{"source":1982,"target":548},{"source":1983,"target":97},{"source":1984,"target":2635},{"source":1985,"target":2636},{"source":1986,"target":2637},{"source":1987,"target":1432},{"source":1988,"target":97},{"source":1989,"target":834},{"source":1990,"target":2638},{"source":1991,"target":1450},{"source":1992,"target":948},{"source":1993,"target":2483},{"source":1994,"target":696},{"source":1995,"target":2639},{"source":1996,"target":2118},{"source":1997,"target":2521},{"source":1998,"target":2640},{"source":1999,"target":202},{"source":2000,"target":26},{"source":2001,"target":571},{"source":2002,"target":2641},{"source":2003,"target":2642},{"source":2004,"target":1073},{"source":2005,"target":1094},{"source":2006,"target":300},{"source":2007,"target":2643},{"source":2008,"target":69},{"source":2009,"target":218},{"source":2010,"target":1477},{"source":2011,"target":2108},{"source":2012,"target":1453},{"source":2013,"target":1587},{"source":2014,"target":1987},{"source":2015,"target":1374},{"source":2016,"target":1067},{"source":2017,"target":1409},{"source":2018,"target":2644},{"source":2019,"target":1939},{"source":2020,"target":2039},{"source":2021,"target":623},{"source":2022,"target":1589},{"source":2023,"target":1830},{"source":2024,"target":2645},{"source":2025,"target":2583},{"source":2026,"target":599},{"source":2027,"target":592},{"source":2028,"target":1536},{"source":2029,"target":80},{"source":2030,"target":2115},{"source":2031,"target":834},{"source":2032,"target":2646},{"source":2033,"target":2647},{"source":2034,"target":2135},{"source":2035,"target":1664},{"source":2036,"target":2648},{"source":2037,"target":551},{"source":2038,"target":2169},{"source":2039,"target":961},{"source":2040,"target":2649},{"source":2041,"target":1923},{"source":2042,"target":2021},{"source":2043,"target":2116},{"source":2044,"target":2650},{"source":2045,"target":1935},{"source":2046,"target":1060},{"source":2047,"target":1497},{"source":2048,"target":1124},{"source":2049,"target":1197},{"source":2050,"target":1025},{"source":2051,"target":112},{"source":2052,"target":874},{"source":2053,"target":2336},{"source":2054,"target":2651},{"source":2055,"target":1029},{"source":2056,"target":881},{"source":2057,"target":1545},{"source":2058,"target":176},{"source":2059,"target":1126},{"source":2060,"target":1595},{"source":2061,"target":926},{"source":2062,"target":961},{"source":2063,"target":1395},{"source":2064,"target":1101},{"source":2065,"target":2652},{"source":2066,"target":137},{"source":2067,"target":2653}]
